Transaction_ID,Customer_ID,Store_ID,Product_Category,Transaction_Date,Amount,Promotion_Applied
T0001,C051,S17,Home & Living,2023-12-30,129.29,No
T0002,C072,S06,Home & Living,2024-09-23,788.59,No
T0003,C110,S08,Apparel,2023-04-25,419.72,No
T0004,C044,S19,Groceries,2023-08-25,333.99,Yes
T0005,C087,S19,Home & Living,2023-10-05,671.25,No
T0006,C014,S14,Groceries,2024-03-17,722.45,No
T0007,C197,S13,Groceries,2023-03-16,661.62,No
T0008,C115,S03,Home & Living,2023-02-11,469.68,Yes
T0009,C197,S05,Home & Living,2023-01-17,336.09,No
T0010,C050,S16,Home & Living,2024-08-10,181.01,Yes
T0011,C092,S03,Electronics,2023-01-27,722.01,No
T0012,C136,S17,Apparel,2023-06-17,215.57,No
T0013,C121,S08,Groceries,2024-03-30,467.17,No
T0014,C149,S13,Home & Living,2024-04-20,621.31,No
T0015,C021,S20,Apparel,2023-05-10,149.7,No
T0016,C053,S04,Apparel,2023-10-19,621.37,Yes
T0017,C097,S05,Groceries,2023-10-23,361.01,No
T0018,C046,S06,Electronics,2023-07-06,251.75,No
T0019,C196,S03,Home & Living,2023-04-08,329.39,No
T0020,C131,S01,Electronics,2024-02-10,591.41,Yes
T0021,C068,S12,Home & Living,2024-07-01,441.08,Yes
T0022,C021,S03,Electronics,2023-09-01,60.11,No
T0023,C005,S09,Groceries,2023-12-31,140.64,No
T0024,C002,S14,Groceries,2024-03-25,103.15,Yes
T0025,C120,S03,Groceries,2023-01-17,341.98,No
T0026,C180,S17,Home & Living,2024-09-07,359.17,Yes
T0027,C042,S13,Electronics,2023-05-11,80.66,Yes
T0028,C057,S10,Groceries,2024-03-10,232.27,No
T0029,C119,S16,Home & Living,2023-10-02,265.39,No
T0030,C195,S06,Electronics,2023-01-17,761.19,No
T0031,C012,S04,Electronics,2023-01-12,442.68,No
T0032,C077,S02,Groceries,2024-10-22,612.05,No
T0033,C141,S19,Apparel,2023-07-19,214.74,No
T0034,C131,S12,Home & Living,2024-10-16,560.68,Yes
T0035,C006,S07,Apparel,2024-06-21,50.75,No
T0036,C099,S06,Apparel,2024-02-05,160.85,No
T0037,C023,S18,Home & Living,2023-09-07,264.03,Yes
T0038,C099,S09,Electronics,2024-06-02,251.93,No
T0039,C021,S02,Home & Living,2024-05-12,348.97,No
T0040,C169,S02,Home & Living,2023-08-11,692.39,No
T0041,C099,S06,Apparel,2024-02-06,427.5,No
T0042,C180,S16,Electronics,2024-06-09,485.09,Yes
T0043,C178,S11,Groceries,2023-07-07,395.23,No
T0044,C032,S08,Home & Living,2023-06-20,285.1,No
T0045,C013,S07,Groceries,2023-12-30,466.49,No
T0046,C137,S10,Apparel,2024-05-30,636.76,Yes
T0047,C114,S11,Electronics,2023-06-10,711.06,No
T0048,C102,S09,Apparel,2024-03-25,39.03,No
T0049,C094,S18,Groceries,2024-02-18,20.19,Yes
T0050,C023,S05,Electronics,2023-10-01,752.47,No
T0051,C054,S18,Electronics,2023-02-08,27.4,Yes
T0052,C063,S18,Groceries,2024-04-21,49.33,No
T0053,C132,S14,Electronics,2023-09-29,701.47,No
T0054,C132,S15,Home & Living,2023-09-23,91.53,Yes
T0055,C101,S19,Electronics,2023-12-06,595.31,Yes
T0056,C167,S19,Apparel,2023-01-03,384.5,Yes
T0057,C099,S02,Home & Living,2023-11-20,578.13,No
T0058,C163,S07,Apparel,2024-03-07,33.94,No
T0059,C041,S01,Groceries,2024-08-07,105.38,Yes
T0060,C028,S19,Home & Living,2023-05-20,766.0,No
T0061,C067,S10,Home & Living,2024-01-15,345.71,No
T0062,C089,S06,Groceries,2023-10-29,488.62,No
T0063,C095,S03,Electronics,2023-08-14,150.29,No
T0064,C166,S05,Groceries,2024-07-24,333.23,No
T0065,C186,S03,Home & Living,2023-11-06,494.03,No
T0066,C028,S14,Apparel,2023-11-26,56.62,Yes
T0067,C108,S09,Apparel,2024-05-20,628.08,Yes
T0068,C200,S08,Apparel,2023-02-23,775.9,No
T0069,C120,S18,Groceries,2023-04-09,485.87,No
T0070,C042,S20,Electronics,2024-05-04,421.89,No
T0071,C061,S04,Groceries,2023-05-25,140.04,No
T0072,C115,S01,Apparel,2023-04-30,603.34,Yes
T0073,C121,S02,Apparel,2024-08-02,472.47,Yes
T0074,C139,S09,Home & Living,2024-09-08,325.11,Yes
T0075,C195,S18,Apparel,2024-06-24,713.22,No
T0076,C166,S08,Home & Living,2023-11-28,47.63,Yes
T0077,C194,S18,Home & Living,2024-06-20,449.67,Yes
T0078,C009,S10,Groceries,2023-05-04,310.7,Yes
T0079,C150,S07,Electronics,2023-06-25,406.78,Yes
T0080,C069,S07,Home & Living,2023-11-12,105.39,No
T0081,C009,S10,Apparel,2024-08-15,67.98,No
T0082,C185,S18,Electronics,2023-11-14,482.08,No
T0083,C053,S16,Home & Living,2024-07-21,536.45,No
T0084,C200,S09,Apparel,2023-10-16,705.33,No
T0085,C118,S11,Home & Living,2023-06-17,211.32,Yes
T0086,C034,S03,Electronics,2023-12-29,206.18,No
T0087,C041,S07,Home & Living,2023-12-22,502.52,No
T0088,C014,S16,Apparel,2023-01-07,707.68,No
T0089,C140,S15,Groceries,2023-01-31,664.14,Yes
T0090,C062,S10,Groceries,2023-12-29,198.33,No
T0091,C125,S13,Groceries,2023-03-23,658.01,No
T0092,C151,S06,Electronics,2024-06-07,24.98,Yes
T0093,C184,S04,Home & Living,2023-02-15,274.62,No
T0094,C051,S06,Apparel,2023-12-26,222.65,No
T0095,C013,S10,Groceries,2023-12-31,628.28,Yes
T0096,C168,S16,Home & Living,2024-02-18,34.37,No
T0097,C191,S07,Electronics,2024-02-16,513.45,No
T0098,C009,S07,Electronics,2023-10-05,751.04,No
T0099,C082,S07,Electronics,2023-08-30,758.89,Yes
T0100,C057,S15,Electronics,2024-06-07,72.53,No
T0101,C168,S08,Electronics,2023-01-22,504.31,Yes
T0102,C017,S13,Electronics,2023-11-02,792.32,No
T0103,C099,S02,Electronics,2023-08-15,483.63,Yes
T0104,C096,S02,Groceries,2023-01-29,37.26,Yes
T0105,C161,S20,Electronics,2023-03-20,658.65,Yes
T0106,C167,S18,Apparel,2024-06-21,143.97,No
T0107,C077,S11,Apparel,2024-05-30,352.42,No
T0108,C137,S06,Home & Living,2023-02-08,431.08,No
T0109,C068,S08,Apparel,2023-03-16,192.2,Yes
T0110,C085,S03,Apparel,2023-03-25,530.52,Yes
T0111,C195,S11,Home & Living,2024-01-17,137.83,No
T0112,C079,S12,Apparel,2023-01-21,729.43,No
T0113,C016,S16,Apparel,2023-03-25,330.12,Yes
T0114,C131,S20,Groceries,2024-01-22,263.32,Yes
T0115,C072,S17,Groceries,2024-06-10,601.75,Yes
T0116,C028,S14,Apparel,2024-06-07,458.95,No
T0117,C107,S02,Groceries,2024-06-22,775.19,Yes
T0118,C053,S14,Apparel,2024-10-18,91.11,Yes
T0119,C192,S10,Groceries,2023-01-27,678.93,No
T0120,C173,S12,Electronics,2024-01-22,641.5,Yes
T0121,C169,S16,Electronics,2024-06-19,738.26,No
T0122,C007,S14,Groceries,2024-07-11,380.44,Yes
T0123,C147,S10,Electronics,2024-03-30,117.64,No
T0124,C026,S09,Electronics,2024-06-04,176.41,No
T0125,C076,S04,Groceries,2024-05-15,229.81,No
T0126,C162,S09,Groceries,2024-01-30,787.79,Yes
T0127,C013,S09,Electronics,2023-10-01,550.76,Yes
T0128,C138,S02,Groceries,2024-05-09,488.02,Yes
T0129,C177,S08,Electronics,2023-10-28,610.51,No
T0130,C130,S19,Groceries,2024-02-29,50.9,No
T0131,C022,S18,Home & Living,2023-03-29,133.82,Yes
T0132,C109,S20,Groceries,2023-02-15,131.15,No
T0133,C013,S08,Electronics,2023-03-27,184.07,Yes
T0134,C100,S19,Electronics,2023-08-30,274.64,No
T0135,C171,S20,Groceries,2024-08-11,81.29,Yes
T0136,C011,S19,Apparel,2023-07-13,782.42,Yes
T0137,C127,S19,Home & Living,2023-05-02,644.46,Yes
T0138,C051,S14,Apparel,2024-03-03,101.56,No
T0139,C122,S12,Groceries,2024-09-26,44.64,No
T0140,C119,S19,Apparel,2023-12-25,498.1,Yes
T0141,C064,S08,Groceries,2023-09-21,758.93,No
T0142,C059,S14,Home & Living,2023-03-25,284.77,No
T0143,C153,S04,Groceries,2023-01-07,535.44,No
T0144,C049,S05,Apparel,2024-01-25,657.49,No
T0145,C172,S19,Apparel,2024-05-29,51.79,Yes
T0146,C151,S09,Groceries,2023-01-14,83.67,Yes
T0147,C091,S01,Groceries,2023-03-28,527.23,No
T0148,C161,S13,Home & Living,2023-08-31,190.99,No
T0149,C182,S02,Home & Living,2023-12-22,600.54,No
T0150,C029,S02,Electronics,2023-11-05,533.79,No
T0151,C025,S10,Apparel,2024-08-16,36.27,No
T0152,C083,S03,Home & Living,2024-07-02,797.14,No
T0153,C188,S14,Electronics,2024-10-04,83.59,No
T0154,C086,S01,Home & Living,2024-03-20,76.31,Yes
T0155,C065,S20,Groceries,2023-12-19,675.55,Yes
T0156,C027,S19,Apparel,2023-06-08,344.41,No
T0157,C044,S08,Home & Living,2024-05-30,593.57,No
T0158,C065,S20,Apparel,2023-06-01,443.77,No
T0159,C024,S12,Home & Living,2024-09-08,362.12,No
T0160,C179,S13,Apparel,2024-05-26,492.83,No
T0161,C198,S16,Electronics,2023-10-22,235.93,No
T0162,C014,S12,Groceries,2023-09-03,300.14,Yes
T0163,C063,S05,Home & Living,2024-06-13,512.62,No
T0164,C129,S10,Apparel,2024-06-03,336.14,No
T0165,C172,S10,Electronics,2023-10-25,205.28,No
T0166,C162,S11,Home & Living,2024-01-10,342.16,Yes
T0167,C178,S08,Apparel,2024-07-06,212.84,No
T0168,C143,S08,Groceries,2024-09-14,482.48,No
T0169,C073,S08,Groceries,2023-03-25,482.5,Yes
T0170,C098,S07,Groceries,2023-01-28,221.34,No
T0171,C057,S03,Electronics,2024-03-24,623.31,Yes
T0172,C033,S05,Apparel,2023-10-28,204.88,Yes
T0173,C022,S18,Electronics,2023-01-10,77.33,Yes
T0174,C094,S16,Electronics,2024-08-27,282.86,No
T0175,C191,S09,Groceries,2023-09-14,370.56,No
T0176,C063,S15,Apparel,2024-05-27,216.97,Yes
T0177,C048,S11,Groceries,2023-10-11,48.6,No
T0178,C089,S16,Electronics,2023-07-23,390.21,No
T0179,C139,S04,Apparel,2024-07-09,368.17,No
T0180,C087,S03,Home & Living,2024-09-11,441.13,Yes
T0181,C143,S07,Electronics,2023-11-30,64.53,No
T0182,C160,S03,Home & Living,2023-01-20,60.32,No
T0183,C029,S04,Electronics,2023-02-04,372.72,No
T0184,C187,S07,Groceries,2023-06-10,415.64,Yes
T0185,C137,S15,Apparel,2024-05-04,329.96,No
T0186,C156,S08,Apparel,2023-09-08,23.85,No
T0187,C181,S07,Electronics,2023-11-02,779.02,No
T0188,C199,S19,Groceries,2023-07-03,422.16,No
T0189,C199,S02,Electronics,2024-03-03,435.15,Yes
T0190,C054,S06,Apparel,2024-09-29,260.19,No
T0191,C075,S05,Home & Living,2024-01-10,146.66,Yes
T0192,C065,S03,Groceries,2024-10-30,366.13,No
T0193,C139,S01,Electronics,2023-03-27,219.14,No
T0194,C040,S13,Groceries,2023-04-29,756.8,No
T0195,C087,S05,Apparel,2023-04-24,210.43,No
T0196,C162,S20,Home & Living,2023-10-30,465.08,Yes
T0197,C129,S03,Home & Living,2023-12-11,557.83,No
T0198,C149,S19,Groceries,2023-05-27,753.88,No
T0199,C045,S10,Groceries,2023-10-31,527.96,Yes
T0200,C121,S12,Apparel,2023-08-08,144.24,No
T0201,C103,S19,Apparel,2024-07-28,782.2,No
T0202,C006,S01,Apparel,2024-08-07,90.58,Yes
T0203,C105,S05,Apparel,2023-11-20,527.4,No
T0204,C097,S08,Home & Living,2024-10-05,540.72,No
T0205,C109,S08,Home & Living,2024-08-16,704.76,Yes
T0206,C194,S02,Apparel,2023-12-31,657.91,Yes
T0207,C123,S18,Apparel,2024-03-30,24.49,Yes
T0208,C115,S16,Apparel,2023-03-17,495.67,No
T0209,C086,S18,Home & Living,2024-08-27,369.98,Yes
T0210,C007,S05,Groceries,2024-05-11,366.65,Yes
T0211,C194,S20,Apparel,2023-09-24,490.69,No
T0212,C136,S18,Electronics,2023-01-03,443.04,No
T0213,C072,S11,Home & Living,2024-03-25,393.76,Yes
T0214,C009,S03,Home & Living,2023-06-03,104.96,Yes
T0215,C096,S01,Apparel,2023-10-31,472.53,No
T0216,C066,S13,Home & Living,2023-02-12,616.61,No
T0217,C115,S07,Electronics,2024-05-12,578.08,No
T0218,C178,S11,Apparel,2023-01-21,172.71,Yes
T0219,C192,S17,Groceries,2023-04-27,720.46,Yes
T0220,C132,S09,Apparel,2023-02-20,67.01,No
T0221,C045,S17,Groceries,2024-04-14,171.76,Yes
T0222,C152,S11,Home & Living,2024-01-08,242.2,Yes
T0223,C075,S05,Home & Living,2023-06-05,440.55,Yes
T0224,C132,S20,Home & Living,2024-02-24,579.76,Yes
T0225,C198,S19,Home & Living,2024-08-11,342.57,Yes
T0226,C034,S09,Home & Living,2024-04-03,116.11,No
T0227,C131,S14,Apparel,2023-02-08,429.63,No
T0228,C023,S07,Groceries,2023-11-08,638.86,Yes
T0229,C046,S09,Groceries,2023-02-05,351.13,Yes
T0230,C038,S07,Home & Living,2024-01-20,311.34,No
T0231,C188,S02,Electronics,2024-07-12,762.09,No
T0232,C018,S06,Electronics,2023-04-28,421.84,No
T0233,C160,S01,Electronics,2023-01-26,185.39,No
T0234,C087,S12,Apparel,2024-01-13,301.4,No
T0235,C174,S08,Home & Living,2023-06-01,295.67,Yes
T0236,C010,S18,Groceries,2023-10-20,255.61,No
T0237,C123,S08,Electronics,2024-09-03,350.52,No
T0238,C051,S20,Apparel,2023-05-26,617.99,Yes
T0239,C034,S06,Home & Living,2024-03-14,477.55,Yes
T0240,C124,S14,Apparel,2024-04-27,698.02,No
T0241,C170,S06,Home & Living,2024-10-22,94.66,Yes
T0242,C068,S04,Apparel,2024-10-16,199.59,Yes
T0243,C006,S01,Electronics,2024-06-06,200.92,Yes
T0244,C087,S03,Groceries,2024-05-23,65.59,Yes
T0245,C069,S06,Electronics,2023-11-16,126.42,No
T0246,C110,S10,Apparel,2024-07-07,354.0,No
T0247,C065,S20,Groceries,2024-04-03,793.18,Yes
T0248,C186,S06,Home & Living,2024-06-14,490.51,Yes
T0249,C043,S16,Electronics,2023-10-15,233.85,Yes
T0250,C141,S08,Home & Living,2023-12-19,484.69,No
T0251,C061,S16,Electronics,2023-12-19,196.79,Yes
T0252,C138,S09,Home & Living,2024-07-14,668.85,No
T0253,C157,S01,Apparel,2024-03-03,202.3,No
T0254,C159,S09,Home & Living,2023-08-18,482.39,No
T0255,C183,S07,Home & Living,2024-01-16,376.35,Yes
T0256,C179,S12,Electronics,2023-05-10,795.43,No
T0257,C088,S03,Electronics,2023-07-28,796.47,No
T0258,C102,S09,Electronics,2023-04-26,66.91,No
T0259,C191,S06,Apparel,2024-07-01,770.1,No
T0260,C086,S12,Groceries,2023-10-30,176.73,No
T0261,C091,S11,Apparel,2024-03-21,349.7,No
T0262,C087,S06,Electronics,2023-01-12,291.11,No
T0263,C085,S18,Electronics,2024-05-29,743.2,Yes
T0264,C135,S04,Apparel,2023-12-14,779.85,Yes
T0265,C172,S13,Home & Living,2023-09-05,441.17,No
T0266,C198,S11,Apparel,2023-05-29,92.48,Yes
T0267,C007,S03,Home & Living,2024-03-31,609.11,Yes
T0268,C185,S15,Home & Living,2024-04-04,629.98,No
T0269,C030,S20,Electronics,2024-10-15,111.77,Yes
T0270,C015,S04,Home & Living,2024-07-31,317.11,Yes
T0271,C034,S02,Groceries,2024-03-24,258.31,Yes
T0272,C143,S20,Apparel,2024-02-11,755.06,No
T0273,C191,S01,Electronics,2023-09-19,737.13,No
T0274,C001,S19,Home & Living,2023-12-08,461.93,Yes
T0275,C072,S09,Apparel,2023-01-12,745.86,Yes
T0276,C163,S16,Home & Living,2024-08-16,509.8,No
T0277,C031,S09,Electronics,2024-10-31,582.71,Yes
T0278,C009,S07,Home & Living,2023-01-07,257.65,Yes
T0279,C049,S09,Groceries,2024-02-09,37.86,Yes
T0280,C062,S13,Groceries,2024-04-10,766.71,No
T0281,C063,S11,Groceries,2023-09-23,661.53,Yes
T0282,C168,S14,Apparel,2023-10-16,739.75,No
T0283,C185,S13,Home & Living,2023-04-20,720.64,No
T0284,C129,S19,Groceries,2024-03-11,412.0,Yes
T0285,C017,S02,Home & Living,2023-01-25,539.72,Yes
T0286,C121,S03,Home & Living,2024-06-20,201.39,Yes
T0287,C183,S16,Groceries,2023-01-12,773.34,No
T0288,C175,S14,Home & Living,2024-10-14,750.43,No
T0289,C166,S16,Groceries,2024-03-22,519.84,Yes
T0290,C176,S04,Apparel,2023-09-11,489.99,Yes
T0291,C120,S01,Electronics,2023-10-14,67.85,No
T0292,C196,S15,Electronics,2023-12-11,65.37,No
T0293,C114,S11,Apparel,2023-09-10,503.21,Yes
T0294,C189,S16,Home & Living,2023-03-24,153.12,Yes
T0295,C137,S19,Electronics,2023-06-05,256.55,Yes
T0296,C071,S17,Electronics,2023-03-21,559.46,No
T0297,C037,S02,Electronics,2024-09-06,198.54,Yes
T0298,C159,S08,Electronics,2024-01-15,258.88,No
T0299,C152,S11,Apparel,2023-05-04,681.45,No
T0300,C156,S16,Home & Living,2024-04-29,711.55,No
T0301,C057,S12,Groceries,2024-04-27,306.85,No
T0302,C014,S08,Home & Living,2024-06-09,157.97,Yes
T0303,C036,S15,Apparel,2024-10-06,28.6,No
T0304,C009,S10,Apparel,2024-02-09,34.97,Yes
T0305,C023,S09,Home & Living,2024-10-11,551.16,Yes
T0306,C054,S10,Electronics,2023-03-06,272.33,No
T0307,C118,S14,Home & Living,2024-05-07,781.18,No
T0308,C078,S04,Groceries,2023-06-22,53.25,Yes
T0309,C172,S08,Apparel,2024-05-11,447.41,No
T0310,C105,S10,Home & Living,2023-11-04,227.5,Yes
T0311,C199,S11,Home & Living,2024-05-24,137.04,Yes
T0312,C070,S02,Home & Living,2024-08-16,391.29,Yes
T0313,C026,S19,Home & Living,2024-03-11,690.46,Yes
T0314,C146,S09,Home & Living,2024-07-07,715.83,No
T0315,C134,S03,Groceries,2023-01-17,533.78,No
T0316,C121,S07,Home & Living,2023-05-10,361.33,Yes
T0317,C097,S13,Home & Living,2023-01-10,745.65,Yes
T0318,C131,S01,Home & Living,2023-08-20,379.95,No
T0319,C154,S14,Apparel,2023-07-19,197.03,No
T0320,C049,S15,Electronics,2023-06-22,137.13,No
T0321,C142,S18,Groceries,2024-03-24,365.75,Yes
T0322,C137,S03,Electronics,2023-07-19,86.14,No
T0323,C106,S08,Home & Living,2024-09-12,645.66,Yes
T0324,C039,S11,Electronics,2023-01-17,766.07,No
T0325,C117,S13,Electronics,2024-01-01,793.44,No
T0326,C047,S06,Groceries,2023-07-30,535.87,Yes
T0327,C072,S11,Home & Living,2024-05-05,341.46,No
T0328,C134,S03,Electronics,2023-12-18,73.6,No
T0329,C078,S02,Groceries,2024-09-14,84.09,No
T0330,C086,S02,Electronics,2023-08-11,630.34,Yes
T0331,C106,S20,Apparel,2023-11-25,317.91,Yes
T0332,C088,S14,Groceries,2024-07-14,219.22,Yes
T0333,C085,S14,Groceries,2024-09-08,522.25,No
T0334,C084,S20,Electronics,2023-07-09,718.74,Yes
T0335,C174,S18,Apparel,2024-10-13,389.98,Yes
T0336,C164,S14,Groceries,2023-06-09,603.5,No
T0337,C165,S07,Groceries,2023-08-14,119.91,Yes
T0338,C063,S09,Groceries,2024-02-06,195.2,Yes
T0339,C166,S20,Home & Living,2023-05-04,323.15,Yes
T0340,C157,S18,Electronics,2024-02-18,744.09,No
T0341,C031,S01,Electronics,2024-03-10,711.8,No
T0342,C182,S01,Apparel,2023-05-02,656.44,No
T0343,C144,S12,Apparel,2024-05-11,221.58,No
T0344,C005,S16,Groceries,2023-05-29,608.93,No
T0345,C180,S16,Electronics,2023-10-29,588.22,No
T0346,C127,S19,Apparel,2023-08-24,62.01,Yes
T0347,C026,S03,Apparel,2024-10-23,788.04,No
T0348,C176,S04,Groceries,2024-04-10,104.2,No
T0349,C159,S05,Home & Living,2024-03-11,657.87,Yes
T0350,C117,S20,Groceries,2024-02-11,675.75,No
T0351,C074,S04,Electronics,2024-02-25,480.47,No
T0352,C072,S01,Electronics,2024-09-21,460.72,No
T0353,C014,S12,Groceries,2023-04-18,516.31,No
T0354,C033,S17,Apparel,2023-04-21,145.46,No
T0355,C005,S13,Apparel,2024-08-06,212.41,No
T0356,C002,S18,Electronics,2024-03-24,236.76,Yes
T0357,C053,S06,Apparel,2024-05-05,262.52,No
T0358,C183,S09,Groceries,2023-10-29,500.47,Yes
T0359,C189,S13,Groceries,2023-04-22,631.36,No
T0360,C083,S17,Electronics,2024-08-20,681.48,No
T0361,C188,S12,Apparel,2023-01-12,601.67,Yes
T0362,C147,S12,Groceries,2024-02-22,611.77,No
T0363,C101,S18,Apparel,2023-03-11,703.79,No
T0364,C196,S10,Electronics,2023-05-12,320.59,No
T0365,C177,S18,Home & Living,2024-06-19,189.42,Yes
T0366,C055,S17,Groceries,2024-04-13,21.47,Yes
T0367,C137,S17,Home & Living,2023-07-21,503.28,Yes
T0368,C051,S04,Apparel,2023-02-26,322.39,No
T0369,C080,S10,Groceries,2024-08-05,395.16,No
T0370,C030,S02,Groceries,2023-12-02,195.84,No
T0371,C200,S17,Electronics,2024-06-19,547.64,No
T0372,C014,S03,Apparel,2023-06-08,37.89,Yes
T0373,C176,S05,Groceries,2023-11-15,80.11,Yes
T0374,C095,S13,Groceries,2023-04-19,601.82,No
T0375,C166,S09,Groceries,2023-04-27,635.12,No
T0376,C034,S05,Groceries,2024-03-07,311.3,Yes
T0377,C078,S15,Electronics,2023-04-23,358.54,Yes
T0378,C160,S01,Apparel,2024-09-19,68.78,No
T0379,C197,S15,Electronics,2023-10-30,798.71,No
T0380,C131,S06,Apparel,2023-06-10,348.57,No
T0381,C173,S17,Electronics,2023-02-16,112.3,No
T0382,C083,S17,Electronics,2023-03-19,602.83,No
T0383,C186,S04,Apparel,2024-08-24,478.46,Yes
T0384,C067,S12,Home & Living,2024-07-26,784.12,Yes
T0385,C166,S07,Apparel,2024-09-10,38.87,No
T0386,C090,S16,Apparel,2024-07-16,753.73,Yes
T0387,C173,S12,Home & Living,2023-10-29,195.92,Yes
T0388,C037,S18,Home & Living,2023-02-18,359.44,No
T0389,C169,S02,Electronics,2023-12-22,124.11,Yes
T0390,C036,S12,Electronics,2023-10-22,407.24,No
T0391,C173,S18,Groceries,2023-11-09,25.48,Yes
T0392,C023,S13,Home & Living,2023-12-30,125.58,No
T0393,C134,S02,Groceries,2024-10-25,388.21,Yes
T0394,C191,S16,Apparel,2024-02-12,64.5,Yes
T0395,C123,S15,Home & Living,2023-08-08,235.06,Yes
T0396,C089,S18,Electronics,2023-09-27,214.65,Yes
T0397,C107,S13,Groceries,2023-07-01,354.53,No
T0398,C107,S04,Home & Living,2024-08-04,70.99,No
T0399,C158,S11,Apparel,2024-09-10,68.87,No
T0400,C118,S08,Electronics,2024-03-16,289.82,Yes
T0401,C134,S14,Apparel,2024-06-02,87.41,Yes
T0402,C108,S18,Home & Living,2023-07-22,771.45,No
T0403,C013,S20,Home & Living,2023-07-18,326.89,No
T0404,C049,S06,Groceries,2023-05-22,590.04,No
T0405,C128,S11,Groceries,2023-03-23,133.07,No
T0406,C145,S06,Apparel,2023-11-01,381.87,No
T0407,C200,S19,Electronics,2024-01-19,774.54,Yes
T0408,C179,S13,Electronics,2023-06-10,137.97,Yes
T0409,C015,S17,Apparel,2024-05-04,89.3,No
T0410,C074,S20,Groceries,2023-10-16,428.24,Yes
T0411,C118,S03,Groceries,2023-12-20,335.1,No
T0412,C145,S06,Groceries,2024-02-27,572.11,No
T0413,C093,S14,Apparel,2024-05-08,377.47,No
T0414,C170,S07,Home & Living,2024-05-31,757.64,No
T0415,C194,S06,Groceries,2023-03-07,96.1,No
T0416,C062,S20,Home & Living,2024-03-10,527.76,No
T0417,C135,S17,Groceries,2023-12-10,633.84,Yes
T0418,C126,S02,Groceries,2024-07-24,378.21,Yes
T0419,C104,S16,Groceries,2024-07-14,177.06,Yes
T0420,C153,S13,Apparel,2024-06-15,444.98,No
T0421,C061,S19,Home & Living,2023-08-02,34.0,Yes
T0422,C043,S19,Home & Living,2023-03-20,706.07,No
T0423,C141,S14,Apparel,2024-01-16,371.97,No
T0424,C093,S05,Apparel,2023-01-26,455.22,No
T0425,C025,S19,Home & Living,2023-09-11,288.06,Yes
T0426,C092,S06,Groceries,2024-07-07,408.29,Yes
T0427,C049,S02,Groceries,2024-03-11,372.32,Yes
T0428,C144,S05,Groceries,2024-03-02,624.98,No
T0429,C160,S12,Apparel,2024-05-18,165.64,Yes
T0430,C015,S19,Electronics,2024-05-22,638.43,No
T0431,C079,S16,Home & Living,2024-08-19,263.63,No
T0432,C157,S04,Electronics,2023-08-26,435.76,Yes
T0433,C026,S19,Apparel,2024-04-12,455.1,Yes
T0434,C035,S02,Home & Living,2024-01-22,303.22,No
T0435,C180,S19,Home & Living,2023-02-09,415.5,No
T0436,C176,S07,Groceries,2024-06-03,717.31,No
T0437,C014,S01,Electronics,2024-09-10,264.27,No
T0438,C097,S09,Electronics,2024-01-01,85.1,No
T0439,C188,S02,Groceries,2024-06-07,596.99,Yes
T0440,C029,S02,Apparel,2023-05-09,345.85,No
T0441,C142,S12,Electronics,2024-06-16,585.64,Yes
T0442,C049,S19,Groceries,2023-04-12,784.23,No
T0443,C128,S17,Groceries,2024-10-01,29.83,No
T0444,C197,S11,Electronics,2023-12-19,42.9,No
T0445,C129,S11,Home & Living,2024-10-27,81.94,No
T0446,C007,S07,Groceries,2024-04-20,689.38,No
T0447,C195,S12,Home & Living,2024-03-09,106.38,No
T0448,C040,S03,Groceries,2024-01-12,387.51,No
T0449,C041,S18,Electronics,2024-04-01,299.08,No
T0450,C080,S07,Apparel,2023-05-11,706.26,No
T0451,C058,S08,Apparel,2023-10-04,108.1,Yes
T0452,C192,S13,Home & Living,2024-02-21,207.1,Yes
T0453,C018,S01,Apparel,2023-02-10,596.94,Yes
T0454,C001,S12,Home & Living,2023-03-16,527.9,No
T0455,C161,S11,Groceries,2024-10-23,595.69,No
T0456,C119,S06,Electronics,2023-10-16,118.49,No
T0457,C049,S20,Electronics,2023-03-07,265.64,Yes
T0458,C175,S15,Groceries,2023-02-16,156.41,No
T0459,C047,S16,Groceries,2023-05-04,793.56,Yes
T0460,C149,S07,Home & Living,2024-10-01,521.45,No
T0461,C137,S11,Home & Living,2023-05-23,185.86,Yes
T0462,C140,S16,Apparel,2024-09-20,338.48,No
T0463,C191,S12,Groceries,2024-04-04,201.56,No
T0464,C057,S19,Groceries,2023-07-26,223.02,No
T0465,C056,S07,Home & Living,2023-09-08,20.15,Yes
T0466,C084,S12,Groceries,2023-12-20,368.7,No
T0467,C187,S12,Groceries,2024-09-03,317.66,Yes
T0468,C182,S18,Apparel,2024-10-20,781.9,Yes
T0469,C170,S19,Apparel,2024-08-18,34.04,No
T0470,C066,S12,Groceries,2023-09-27,736.1,Yes
T0471,C152,S14,Home & Living,2023-03-24,778.77,No
T0472,C092,S15,Groceries,2023-10-02,647.83,Yes
T0473,C055,S13,Electronics,2023-11-23,504.65,No
T0474,C033,S02,Groceries,2024-09-27,666.93,Yes
T0475,C142,S09,Groceries,2024-02-02,190.39,Yes
T0476,C081,S18,Electronics,2024-04-09,208.68,Yes
T0477,C047,S02,Apparel,2024-01-11,241.39,No
T0478,C180,S12,Electronics,2023-11-30,599.69,Yes
T0479,C074,S09,Apparel,2023-03-09,704.25,No
T0480,C095,S07,Electronics,2024-09-28,482.71,No
T0481,C009,S01,Groceries,2023-05-07,508.42,No
T0482,C084,S03,Electronics,2023-03-03,639.77,Yes
T0483,C032,S06,Electronics,2023-02-04,228.87,No
T0484,C103,S10,Apparel,2024-04-13,426.73,Yes
T0485,C103,S07,Home & Living,2023-10-03,191.78,No
T0486,C079,S07,Apparel,2023-07-20,729.51,No
T0487,C130,S13,Electronics,2024-04-26,705.6,No
T0488,C018,S12,Electronics,2023-10-28,561.67,Yes
T0489,C190,S05,Groceries,2024-03-13,358.98,No
T0490,C022,S16,Groceries,2024-10-20,716.17,No
T0491,C200,S10,Groceries,2023-08-20,759.52,No
T0492,C133,S19,Electronics,2024-05-19,568.05,Yes
T0493,C099,S15,Electronics,2024-03-30,122.72,Yes
T0494,C016,S06,Electronics,2023-03-17,400.38,No
T0495,C069,S11,Electronics,2023-07-13,231.82,No
T0496,C124,S19,Groceries,2023-12-27,414.89,No
T0497,C200,S13,Home & Living,2023-09-19,715.35,Yes
T0498,C094,S16,Electronics,2024-07-26,388.54,Yes
T0499,C008,S20,Apparel,2024-10-09,206.31,No
T0500,C035,S10,Home & Living,2024-03-16,278.45,No
T0501,C016,S17,Apparel,2024-02-28,386.4,No
T0502,C081,S07,Groceries,2024-10-14,438.87,No
T0503,C081,S19,Electronics,2023-07-09,669.99,No
T0504,C092,S18,Apparel,2024-08-24,381.02,No
T0505,C197,S11,Apparel,2023-11-14,329.5,Yes
T0506,C004,S20,Apparel,2023-08-21,329.67,Yes
T0507,C139,S11,Groceries,2024-07-06,658.2,No
T0508,C144,S11,Electronics,2024-07-24,415.78,No
T0509,C135,S19,Groceries,2024-02-01,546.83,Yes
T0510,C019,S18,Home & Living,2023-11-29,744.95,Yes
T0511,C128,S06,Groceries,2023-06-17,349.03,No
T0512,C162,S06,Groceries,2024-03-31,543.34,Yes
T0513,C130,S11,Electronics,2024-03-20,261.31,No
T0514,C195,S11,Apparel,2023-04-13,764.15,No
T0515,C129,S01,Apparel,2023-06-02,516.39,Yes
T0516,C027,S20,Electronics,2024-03-06,66.43,No
T0517,C097,S16,Apparel,2024-10-19,109.3,Yes
T0518,C013,S05,Apparel,2024-09-30,536.88,Yes
T0519,C121,S05,Home & Living,2024-02-16,448.68,No
T0520,C147,S14,Home & Living,2023-11-28,82.54,Yes
T0521,C078,S17,Apparel,2023-04-15,524.23,No
T0522,C103,S19,Electronics,2023-09-23,411.68,Yes
T0523,C092,S04,Groceries,2024-01-12,140.37,Yes
T0524,C164,S10,Home & Living,2024-03-29,114.04,No
T0525,C151,S19,Groceries,2024-01-22,436.49,Yes
T0526,C013,S20,Groceries,2023-03-22,562.01,No
T0527,C162,S19,Home & Living,2023-08-23,399.08,No
T0528,C164,S06,Electronics,2023-12-23,115.94,No
T0529,C154,S11,Home & Living,2023-08-11,383.95,No
T0530,C005,S15,Home & Living,2023-10-21,679.57,No
T0531,C001,S20,Apparel,2024-10-19,335.04,Yes
T0532,C140,S04,Groceries,2023-03-14,258.92,No
T0533,C180,S10,Electronics,2023-07-07,196.5,Yes
T0534,C193,S05,Electronics,2023-07-14,688.9,No
T0535,C059,S17,Groceries,2023-03-04,97.12,No
T0536,C033,S03,Groceries,2023-04-28,570.36,No
T0537,C096,S14,Electronics,2023-10-17,150.15,No
T0538,C081,S03,Apparel,2023-07-15,54.93,No
T0539,C186,S02,Home & Living,2024-07-12,140.48,Yes
T0540,C051,S11,Home & Living,2024-03-19,315.55,Yes
T0541,C101,S05,Electronics,2024-04-23,637.54,No
T0542,C060,S14,Groceries,2024-07-29,492.51,Yes
T0543,C144,S14,Home & Living,2024-09-19,472.57,No
T0544,C036,S07,Apparel,2023-01-31,556.85,Yes
T0545,C131,S02,Groceries,2024-01-11,782.41,No
T0546,C182,S02,Groceries,2024-07-10,319.68,Yes
T0547,C183,S06,Electronics,2023-12-29,322.63,Yes
T0548,C093,S01,Apparel,2023-09-19,609.85,No
T0549,C124,S14,Groceries,2024-06-25,121.44,No
T0550,C001,S02,Electronics,2024-07-02,765.62,Yes
T0551,C114,S07,Groceries,2023-03-28,366.42,No
T0552,C026,S18,Home & Living,2023-07-20,787.53,Yes
T0553,C180,S15,Apparel,2024-03-06,138.24,Yes
T0554,C053,S10,Home & Living,2023-10-05,442.3,Yes
T0555,C183,S08,Groceries,2023-11-01,435.16,Yes
T0556,C011,S14,Apparel,2024-01-14,674.07,Yes
T0557,C057,S16,Home & Living,2023-12-20,222.28,Yes
T0558,C089,S01,Home & Living,2024-05-11,415.81,No
T0559,C064,S05,Electronics,2024-06-16,773.81,No
T0560,C017,S18,Electronics,2024-05-13,148.89,No
T0561,C058,S01,Electronics,2024-09-28,366.35,No
T0562,C081,S18,Home & Living,2023-05-19,181.7,No
T0563,C050,S15,Apparel,2023-04-09,706.65,No
T0564,C021,S12,Groceries,2024-10-25,504.12,Yes
T0565,C032,S07,Groceries,2024-06-03,50.78,No
T0566,C165,S13,Home & Living,2023-06-13,727.42,Yes
T0567,C159,S02,Apparel,2023-04-01,729.37,No
T0568,C130,S10,Groceries,2024-07-12,698.58,Yes
T0569,C026,S13,Home & Living,2024-01-30,448.47,Yes
T0570,C164,S07,Groceries,2023-07-03,235.1,No
T0571,C084,S08,Electronics,2024-06-07,776.29,No
T0572,C100,S10,Electronics,2024-10-27,785.17,No
T0573,C036,S18,Apparel,2024-08-04,479.21,Yes
T0574,C136,S03,Home & Living,2023-04-12,427.51,No
T0575,C105,S06,Home & Living,2024-02-11,321.5,No
T0576,C156,S10,Electronics,2024-05-13,470.28,No
T0577,C130,S09,Electronics,2023-03-23,365.9,No
T0578,C072,S04,Groceries,2023-12-31,391.66,No
T0579,C029,S04,Electronics,2023-04-26,22.47,No
T0580,C002,S02,Apparel,2023-05-27,263.28,Yes
T0581,C182,S20,Electronics,2023-01-13,777.8,Yes
T0582,C098,S15,Electronics,2023-04-24,391.94,No
T0583,C132,S02,Apparel,2024-07-19,431.24,No
T0584,C130,S01,Home & Living,2023-10-04,299.8,No
T0585,C177,S13,Groceries,2024-10-25,591.78,No
T0586,C108,S14,Electronics,2023-10-30,792.63,Yes
T0587,C123,S02,Apparel,2023-04-23,90.05,Yes
T0588,C148,S13,Groceries,2024-08-01,595.54,No
T0589,C103,S10,Groceries,2023-01-01,73.84,Yes
T0590,C174,S15,Apparel,2024-10-09,619.76,No
T0591,C193,S08,Apparel,2023-05-07,709.85,No
T0592,C096,S14,Home & Living,2023-04-14,331.3,No
T0593,C127,S10,Groceries,2024-01-19,556.18,Yes
T0594,C050,S10,Home & Living,2023-03-16,292.08,Yes
T0595,C040,S01,Apparel,2023-07-07,470.09,No
T0596,C116,S17,Electronics,2023-02-14,764.99,No
T0597,C001,S09,Groceries,2024-06-11,551.76,Yes
T0598,C049,S03,Groceries,2023-06-11,639.72,No
T0599,C153,S07,Home & Living,2023-07-07,133.25,No
T0600,C012,S18,Apparel,2023-07-03,250.33,Yes
T0601,C081,S20,Electronics,2023-10-22,333.02,Yes
T0602,C072,S10,Home & Living,2024-09-23,335.98,No
T0603,C146,S10,Groceries,2023-08-19,391.62,Yes
T0604,C124,S12,Electronics,2023-08-21,191.03,Yes
T0605,C020,S06,Home & Living,2024-02-07,299.09,No
T0606,C144,S10,Electronics,2023-01-31,713.15,No
T0607,C173,S17,Groceries,2024-03-21,374.08,No
T0608,C129,S02,Home & Living,2024-07-19,75.99,No
T0609,C080,S12,Apparel,2023-01-14,381.27,Yes
T0610,C127,S11,Home & Living,2023-02-22,647.09,No
T0611,C038,S11,Groceries,2023-09-17,131.44,No
T0612,C196,S13,Groceries,2024-04-10,333.13,Yes
T0613,C154,S19,Apparel,2023-10-17,124.39,No
T0614,C110,S15,Groceries,2023-03-16,231.81,No
T0615,C179,S08,Home & Living,2024-03-16,20.11,No
T0616,C132,S03,Electronics,2023-06-03,577.73,No
T0617,C196,S05,Apparel,2023-07-28,68.9,No
T0618,C176,S18,Home & Living,2024-01-25,212.52,No
T0619,C171,S09,Electronics,2023-06-06,746.09,No
T0620,C065,S17,Apparel,2024-09-10,230.91,No
T0621,C014,S04,Home & Living,2024-03-03,466.01,No
T0622,C066,S03,Groceries,2023-05-21,349.46,Yes
T0623,C073,S08,Home & Living,2024-07-21,771.98,Yes
T0624,C039,S11,Groceries,2024-04-15,405.17,Yes
T0625,C197,S05,Electronics,2024-09-23,547.16,Yes
T0626,C171,S16,Apparel,2023-08-23,539.78,No
T0627,C111,S14,Groceries,2024-06-06,761.6,No
T0628,C018,S06,Apparel,2024-08-28,229.8,No
T0629,C120,S08,Home & Living,2024-10-13,799.58,Yes
T0630,C088,S08,Home & Living,2024-05-16,766.3,No
T0631,C006,S15,Home & Living,2024-07-06,391.25,Yes
T0632,C070,S07,Apparel,2023-08-15,308.45,Yes
T0633,C087,S08,Electronics,2023-01-13,344.87,No
T0634,C180,S17,Electronics,2023-01-31,581.33,Yes
T0635,C132,S15,Electronics,2023-06-15,388.38,No
T0636,C142,S14,Groceries,2023-04-10,548.69,No
T0637,C077,S01,Apparel,2023-06-11,327.89,No
T0638,C021,S03,Apparel,2023-10-01,594.94,No
T0639,C111,S13,Home & Living,2023-05-29,552.11,No
T0640,C032,S14,Electronics,2023-03-06,714.37,Yes
T0641,C185,S01,Groceries,2023-08-15,540.16,No
T0642,C135,S04,Groceries,2023-02-23,422.37,Yes
T0643,C081,S02,Groceries,2023-02-22,556.67,Yes
T0644,C030,S05,Electronics,2023-04-12,283.13,Yes
T0645,C122,S09,Home & Living,2024-02-02,342.64,No
T0646,C184,S06,Electronics,2023-04-21,277.59,No
T0647,C090,S04,Apparel,2024-06-19,585.39,No
T0648,C111,S16,Apparel,2024-01-13,424.85,No
T0649,C160,S12,Home & Living,2023-04-29,623.71,No
T0650,C188,S02,Electronics,2023-04-14,122.58,No
T0651,C006,S03,Apparel,2024-05-16,33.22,No
T0652,C154,S17,Home & Living,2024-02-25,227.15,Yes
T0653,C031,S06,Home & Living,2024-05-15,286.61,No
T0654,C148,S04,Apparel,2024-06-02,291.51,Yes
T0655,C114,S11,Electronics,2024-06-11,463.11,No
T0656,C064,S03,Groceries,2024-10-08,705.82,No
T0657,C150,S14,Home & Living,2023-06-09,720.88,No
T0658,C186,S19,Home & Living,2024-05-18,377.24,Yes
T0659,C040,S09,Apparel,2024-10-05,721.58,No
T0660,C085,S13,Electronics,2023-06-06,212.35,No
T0661,C054,S06,Electronics,2023-03-20,66.58,No
T0662,C032,S12,Apparel,2024-05-30,767.08,No
T0663,C053,S05,Apparel,2024-10-06,433.98,No
T0664,C012,S20,Home & Living,2023-11-27,770.96,Yes
T0665,C012,S08,Home & Living,2023-08-21,179.89,No
T0666,C157,S04,Apparel,2023-07-18,129.83,No
T0667,C188,S08,Home & Living,2024-01-29,265.81,Yes
T0668,C176,S13,Home & Living,2024-04-05,652.68,No
T0669,C007,S10,Apparel,2024-02-16,521.4,No
T0670,C022,S01,Electronics,2024-07-17,283.13,No
T0671,C170,S13,Electronics,2024-07-22,714.31,No
T0672,C157,S13,Apparel,2023-08-30,558.28,No
T0673,C010,S13,Home & Living,2024-08-18,512.12,No
T0674,C120,S17,Groceries,2024-07-19,344.2,Yes
T0675,C157,S17,Home & Living,2023-01-15,296.33,No
T0676,C110,S11,Electronics,2024-07-11,79.47,Yes
T0677,C197,S13,Apparel,2024-08-20,613.47,No
T0678,C135,S09,Electronics,2023-10-29,357.6,Yes
T0679,C099,S12,Electronics,2024-06-01,367.52,Yes
T0680,C082,S06,Home & Living,2023-08-23,545.99,Yes
T0681,C093,S17,Apparel,2023-11-27,638.65,No
T0682,C164,S04,Apparel,2024-10-29,534.11,Yes
T0683,C101,S03,Electronics,2024-08-02,762.12,No
T0684,C137,S13,Apparel,2023-03-31,427.58,Yes
T0685,C177,S06,Apparel,2023-12-23,360.86,No
T0686,C123,S17,Apparel,2023-11-07,186.89,Yes
T0687,C076,S15,Apparel,2024-01-25,168.28,No
T0688,C069,S13,Home & Living,2024-07-24,296.93,No
T0689,C146,S05,Apparel,2023-09-02,763.26,No
T0690,C040,S17,Electronics,2024-06-03,146.1,No
T0691,C116,S03,Home & Living,2023-12-18,261.8,Yes
T0692,C155,S03,Electronics,2024-03-02,539.95,Yes
T0693,C018,S08,Apparel,2024-08-22,615.59,No
T0694,C160,S12,Apparel,2023-02-13,29.44,Yes
T0695,C058,S10,Home & Living,2024-09-04,314.05,No
T0696,C029,S03,Electronics,2023-09-12,514.8,Yes
T0697,C129,S14,Apparel,2023-11-18,421.45,No
T0698,C166,S18,Apparel,2024-09-04,211.73,No
T0699,C061,S16,Electronics,2024-10-14,20.35,No
T0700,C053,S20,Groceries,2024-03-13,330.31,No
T0701,C180,S05,Home & Living,2024-05-13,405.85,No
T0702,C025,S19,Groceries,2023-11-23,309.94,Yes
T0703,C059,S03,Groceries,2024-09-20,45.44,Yes
T0704,C013,S17,Home & Living,2023-12-25,470.16,Yes
T0705,C024,S09,Apparel,2023-10-01,794.1,Yes
T0706,C141,S17,Home & Living,2023-04-01,344.17,No
T0707,C019,S03,Electronics,2023-02-27,704.34,No
T0708,C193,S20,Groceries,2023-09-23,675.06,No
T0709,C198,S11,Electronics,2023-07-12,156.67,No
T0710,C007,S09,Electronics,2024-08-02,473.67,No
T0711,C089,S18,Groceries,2024-10-22,423.02,No
T0712,C032,S04,Home & Living,2024-02-07,132.18,No
T0713,C031,S17,Electronics,2023-11-23,679.76,No
T0714,C176,S10,Groceries,2024-04-06,628.69,No
T0715,C186,S05,Apparel,2024-02-03,444.71,Yes
T0716,C058,S19,Home & Living,2024-07-06,250.64,No
T0717,C022,S08,Electronics,2024-07-11,181.52,Yes
T0718,C057,S19,Electronics,2023-09-28,706.01,No
T0719,C102,S20,Home & Living,2024-01-02,652.49,No
T0720,C174,S02,Apparel,2023-07-08,586.86,No
T0721,C121,S04,Apparel,2024-06-19,530.63,Yes
T0722,C134,S16,Electronics,2024-03-08,440.49,Yes
T0723,C070,S17,Groceries,2023-10-06,746.19,Yes
T0724,C010,S03,Groceries,2023-06-30,617.13,Yes
T0725,C063,S04,Home & Living,2024-07-19,302.5,No
T0726,C083,S02,Groceries,2024-01-26,178.79,Yes
T0727,C128,S05,Groceries,2023-07-31,199.72,Yes
T0728,C097,S09,Apparel,2023-02-07,590.75,No
T0729,C182,S01,Apparel,2023-06-18,681.77,No
T0730,C069,S03,Home & Living,2023-11-02,718.91,No
T0731,C086,S14,Home & Living,2023-04-22,657.09,Yes
T0732,C073,S06,Apparel,2024-01-17,282.83,No
T0733,C109,S18,Groceries,2024-07-04,191.98,No
T0734,C027,S08,Electronics,2023-11-06,480.7,No
T0735,C077,S12,Apparel,2024-07-24,343.29,No
T0736,C197,S20,Groceries,2023-02-01,150.51,No
T0737,C042,S11,Apparel,2024-06-04,229.7,No
T0738,C036,S17,Electronics,2024-05-19,302.13,No
T0739,C107,S01,Electronics,2023-04-21,577.25,No
T0740,C074,S06,Electronics,2023-04-12,628.97,No
T0741,C017,S04,Apparel,2024-07-16,308.04,No
T0742,C108,S14,Groceries,2023-03-29,144.04,Yes
T0743,C008,S04,Apparel,2024-02-27,380.14,No
T0744,C051,S11,Home & Living,2024-02-11,117.6,No
T0745,C047,S08,Electronics,2023-11-09,233.78,No
T0746,C099,S10,Electronics,2024-04-21,130.89,Yes
T0747,C091,S18,Groceries,2023-12-06,783.25,No
T0748,C009,S19,Home & Living,2024-07-28,616.48,No
T0749,C156,S20,Electronics,2023-04-19,758.73,No
T0750,C105,S08,Home & Living,2024-04-18,147.17,No
T0751,C010,S16,Groceries,2023-05-08,727.13,Yes
T0752,C187,S18,Electronics,2023-02-12,674.42,Yes
T0753,C140,S06,Apparel,2023-09-27,677.76,Yes
T0754,C012,S11,Apparel,2023-11-11,410.85,No
T0755,C144,S11,Groceries,2023-06-17,60.3,No
T0756,C053,S15,Groceries,2023-10-10,396.17,Yes
T0757,C195,S14,Electronics,2023-08-28,644.0,No
T0758,C005,S09,Electronics,2024-08-14,122.74,No
T0759,C155,S12,Apparel,2024-10-21,548.18,No
T0760,C178,S04,Home & Living,2024-05-28,699.7,No
T0761,C138,S19,Home & Living,2024-06-02,264.03,No
T0762,C055,S04,Home & Living,2024-09-17,669.61,No
T0763,C160,S13,Apparel,2023-07-29,213.06,Yes
T0764,C151,S14,Home & Living,2023-04-23,35.44,Yes
T0765,C181,S05,Electronics,2023-10-10,341.09,No
T0766,C027,S10,Groceries,2024-05-31,591.51,No
T0767,C022,S20,Electronics,2023-04-28,212.76,Yes
T0768,C049,S20,Groceries,2023-02-19,357.56,No
T0769,C193,S17,Electronics,2023-07-16,76.25,Yes
T0770,C079,S02,Home & Living,2024-03-27,786.0,No
T0771,C111,S12,Apparel,2024-01-26,513.18,Yes
T0772,C070,S09,Electronics,2024-02-07,632.51,No
T0773,C099,S08,Home & Living,2024-02-08,236.73,Yes
T0774,C075,S10,Apparel,2023-12-27,784.69,Yes
T0775,C090,S17,Apparel,2024-10-30,782.14,Yes
T0776,C004,S06,Groceries,2024-07-23,108.38,No
T0777,C154,S09,Electronics,2023-03-23,569.55,No
T0778,C081,S05,Groceries,2023-07-23,77.75,No
T0779,C161,S07,Home & Living,2023-04-08,396.77,Yes
T0780,C196,S15,Apparel,2024-09-27,448.69,No
T0781,C077,S07,Electronics,2023-06-03,490.84,Yes
T0782,C122,S07,Apparel,2024-10-30,741.91,Yes
T0783,C183,S04,Home & Living,2024-07-06,91.81,No
T0784,C163,S07,Electronics,2024-08-18,91.83,No
T0785,C061,S01,Home & Living,2023-11-05,31.79,No
T0786,C181,S18,Electronics,2023-10-10,547.3,No
T0787,C177,S05,Groceries,2024-07-13,475.17,No
T0788,C077,S12,Apparel,2023-02-28,486.18,No
T0789,C130,S08,Home & Living,2023-03-06,111.31,No
T0790,C150,S10,Apparel,2023-03-20,186.21,No
T0791,C016,S10,Home & Living,2023-09-05,478.32,No
T0792,C176,S13,Apparel,2023-01-25,59.38,No
T0793,C047,S03,Home & Living,2023-10-28,474.68,Yes
T0794,C175,S17,Groceries,2023-06-13,752.93,Yes
T0795,C070,S12,Apparel,2023-03-14,675.05,Yes
T0796,C077,S11,Electronics,2023-09-19,782.07,Yes
T0797,C003,S01,Apparel,2024-01-05,599.4,Yes
T0798,C006,S02,Home & Living,2024-05-21,85.76,No
T0799,C102,S05,Groceries,2024-01-02,221.8,No
T0800,C002,S07,Apparel,2023-03-14,361.94,No
T0801,C198,S18,Groceries,2023-02-12,517.4,Yes
T0802,C154,S12,Apparel,2023-07-31,179.14,No
T0803,C132,S12,Electronics,2023-05-31,59.01,No
T0804,C095,S10,Electronics,2024-07-28,297.66,Yes
T0805,C003,S17,Groceries,2023-10-26,213.1,Yes
T0806,C080,S13,Home & Living,2023-03-02,351.32,Yes
T0807,C152,S10,Groceries,2023-06-10,544.84,Yes
T0808,C149,S08,Home & Living,2023-10-31,279.77,No
T0809,C168,S18,Home & Living,2024-09-30,661.93,No
T0810,C142,S02,Apparel,2024-08-11,633.68,Yes
T0811,C017,S01,Home & Living,2024-08-25,426.73,Yes
T0812,C184,S06,Electronics,2024-05-04,353.45,Yes
T0813,C122,S03,Home & Living,2024-09-10,439.9,Yes
T0814,C171,S14,Electronics,2024-07-02,539.84,No
T0815,C149,S16,Electronics,2024-03-20,701.5,No
T0816,C124,S06,Home & Living,2024-02-24,437.32,Yes
T0817,C026,S14,Home & Living,2023-12-01,69.92,No
T0818,C001,S14,Electronics,2024-10-23,632.38,No
T0819,C014,S09,Home & Living,2023-07-24,254.82,No
T0820,C053,S18,Electronics,2024-07-26,386.23,Yes
T0821,C126,S04,Home & Living,2023-07-26,239.21,No
T0822,C147,S03,Electronics,2023-05-01,222.98,Yes
T0823,C151,S03,Apparel,2024-10-06,633.49,No
T0824,C019,S16,Home & Living,2023-08-30,707.72,No
T0825,C132,S03,Electronics,2024-08-18,368.04,No
T0826,C175,S03,Electronics,2023-05-09,261.65,Yes
T0827,C143,S10,Electronics,2023-11-08,451.64,Yes
T0828,C136,S19,Groceries,2023-03-02,295.96,No
T0829,C092,S19,Apparel,2023-06-02,665.93,Yes
T0830,C079,S05,Apparel,2024-07-20,763.2,Yes
T0831,C175,S14,Groceries,2023-06-26,414.39,No
T0832,C059,S02,Groceries,2023-04-07,268.51,No
T0833,C047,S16,Home & Living,2023-01-06,451.63,No
T0834,C065,S06,Electronics,2024-10-23,426.85,No
T0835,C070,S19,Apparel,2023-03-28,673.57,No
T0836,C002,S11,Groceries,2024-02-18,362.58,No
T0837,C182,S04,Groceries,2023-10-12,378.17,No
T0838,C113,S11,Groceries,2024-07-11,320.15,No
T0839,C128,S09,Electronics,2023-02-14,148.92,Yes
T0840,C038,S01,Electronics,2024-03-25,434.87,No
T0841,C017,S03,Home & Living,2024-08-28,145.86,Yes
T0842,C137,S07,Electronics,2024-09-29,149.28,No
T0843,C072,S06,Home & Living,2024-09-25,296.33,Yes
T0844,C036,S02,Electronics,2023-08-22,494.05,Yes
T0845,C162,S18,Groceries,2023-09-04,210.11,Yes
T0846,C015,S05,Apparel,2023-04-28,191.25,No
T0847,C049,S17,Apparel,2024-08-06,789.27,No
T0848,C125,S18,Apparel,2023-10-16,354.58,No
T0849,C148,S13,Groceries,2023-11-26,341.25,No
T0850,C149,S05,Groceries,2023-12-20,341.33,No
T0851,C181,S01,Apparel,2023-04-03,435.35,Yes
T0852,C089,S16,Home & Living,2024-03-08,406.65,No
T0853,C134,S17,Home & Living,2023-10-22,131.42,No
T0854,C066,S02,Groceries,2023-03-12,109.14,No
T0855,C039,S07,Groceries,2024-03-26,179.37,No
T0856,C166,S04,Groceries,2023-07-12,34.14,No
T0857,C001,S16,Apparel,2024-06-20,545.13,No
T0858,C030,S06,Home & Living,2024-06-24,510.17,No
T0859,C141,S14,Home & Living,2024-01-15,707.62,No
T0860,C083,S16,Home & Living,2023-03-14,437.81,No
T0861,C098,S09,Home & Living,2024-05-19,701.85,Yes
T0862,C029,S02,Apparel,2023-12-30,280.23,No
T0863,C067,S02,Home & Living,2024-02-17,163.08,No
T0864,C178,S02,Home & Living,2024-03-04,397.79,Yes
T0865,C076,S10,Groceries,2024-06-25,525.26,Yes
T0866,C186,S08,Apparel,2024-01-19,178.71,Yes
T0867,C165,S20,Electronics,2024-06-17,393.82,Yes
T0868,C068,S18,Home & Living,2023-10-19,681.38,No
T0869,C059,S16,Apparel,2023-02-18,77.8,Yes
T0870,C195,S01,Apparel,2024-07-10,791.59,Yes
T0871,C138,S20,Electronics,2023-08-09,456.07,Yes
T0872,C120,S04,Apparel,2023-01-03,293.41,Yes
T0873,C102,S10,Home & Living,2023-02-28,571.17,Yes
T0874,C090,S12,Electronics,2024-07-25,583.74,No
T0875,C076,S14,Home & Living,2024-09-10,744.84,Yes
T0876,C198,S16,Home & Living,2023-03-03,677.01,Yes
T0877,C196,S16,Apparel,2023-05-04,94.39,Yes
T0878,C015,S11,Home & Living,2023-02-17,71.84,No
T0879,C140,S03,Home & Living,2023-09-07,447.47,No
T0880,C060,S10,Groceries,2024-04-24,424.05,Yes
T0881,C090,S01,Apparel,2024-04-29,181.65,No
T0882,C026,S19,Apparel,2024-07-24,152.51,Yes
T0883,C007,S10,Apparel,2023-08-08,324.79,Yes
T0884,C075,S09,Groceries,2024-02-04,611.8,No
T0885,C090,S08,Home & Living,2024-07-29,623.96,No
T0886,C019,S02,Apparel,2024-04-14,611.45,Yes
T0887,C125,S11,Electronics,2024-03-20,578.79,Yes
T0888,C058,S09,Apparel,2024-06-03,479.03,Yes
T0889,C148,S06,Electronics,2023-08-25,187.63,No
T0890,C160,S02,Electronics,2024-10-11,415.51,Yes
T0891,C040,S03,Groceries,2024-08-15,476.04,Yes
T0892,C187,S19,Groceries,2024-01-06,661.03,No
T0893,C027,S02,Groceries,2024-01-04,232.12,No
T0894,C074,S10,Home & Living,2023-08-27,516.67,No
T0895,C047,S05,Apparel,2023-03-02,273.12,Yes
T0896,C096,S14,Apparel,2023-06-05,381.23,Yes
T0897,C037,S10,Apparel,2024-08-08,536.34,No
T0898,C013,S15,Apparel,2024-01-23,379.99,No
T0899,C023,S07,Home & Living,2023-12-06,623.46,No
T0900,C083,S16,Apparel,2023-06-10,357.23,Yes
T0901,C116,S15,Apparel,2024-07-28,225.92,No
T0902,C015,S19,Electronics,2024-08-30,209.85,No
T0903,C081,S16,Groceries,2023-04-30,689.33,No
T0904,C177,S09,Groceries,2023-08-05,720.38,No
T0905,C089,S04,Apparel,2024-03-30,797.0,No
T0906,C040,S03,Home & Living,2023-09-15,603.44,No
T0907,C149,S15,Apparel,2024-07-03,94.04,No
T0908,C149,S15,Electronics,2023-10-26,748.19,No
T0909,C163,S06,Groceries,2024-07-26,689.26,No
T0910,C032,S13,Apparel,2023-12-17,51.47,No
T0911,C097,S15,Groceries,2024-04-03,301.13,No
T0912,C163,S08,Apparel,2024-05-22,530.39,Yes
T0913,C037,S10,Apparel,2023-06-15,33.38,No
T0914,C184,S15,Apparel,2024-03-08,614.6,Yes
T0915,C079,S14,Apparel,2023-07-26,419.08,Yes
T0916,C151,S04,Electronics,2024-05-29,507.2,No
T0917,C108,S08,Electronics,2023-05-18,324.66,Yes
T0918,C109,S18,Home & Living,2024-06-24,610.25,No
T0919,C042,S03,Apparel,2023-03-15,127.98,No
T0920,C129,S15,Groceries,2023-02-17,485.54,No
T0921,C158,S20,Home & Living,2024-09-13,309.76,No
T0922,C176,S03,Electronics,2023-07-10,185.08,No
T0923,C139,S15,Apparel,2024-07-15,526.62,No
T0924,C135,S03,Home & Living,2024-04-12,753.15,No
T0925,C054,S11,Home & Living,2023-10-15,374.72,No
T0926,C160,S19,Electronics,2024-07-20,693.64,Yes
T0927,C178,S11,Groceries,2023-03-16,150.54,No
T0928,C092,S06,Groceries,2024-02-29,522.52,No
T0929,C055,S01,Groceries,2023-07-01,234.72,Yes
T0930,C109,S02,Electronics,2023-03-05,652.0,No
T0931,C091,S06,Home & Living,2024-09-07,570.01,No
T0932,C102,S07,Apparel,2023-04-03,760.02,Yes
T0933,C037,S14,Groceries,2024-03-09,627.7,No
T0934,C008,S07,Apparel,2023-02-12,373.79,No
T0935,C115,S17,Groceries,2024-06-15,769.52,No
T0936,C196,S04,Apparel,2023-07-03,763.76,No
T0937,C183,S15,Apparel,2024-03-13,474.89,No
T0938,C022,S19,Electronics,2023-05-30,568.06,Yes
T0939,C184,S08,Electronics,2024-10-01,500.73,Yes
T0940,C196,S15,Home & Living,2024-06-02,411.23,No
T0941,C067,S13,Apparel,2023-06-04,595.19,Yes
T0942,C058,S11,Home & Living,2024-05-25,117.67,Yes
T0943,C104,S04,Groceries,2023-08-22,559.15,No
T0944,C118,S14,Home & Living,2023-09-21,753.8,No
T0945,C087,S18,Home & Living,2024-01-01,281.52,Yes
T0946,C099,S09,Home & Living,2024-09-22,328.85,No
T0947,C014,S06,Apparel,2023-12-16,258.72,No
T0948,C060,S04,Groceries,2023-04-08,75.41,Yes
T0949,C117,S19,Apparel,2023-10-03,63.07,No
T0950,C163,S14,Electronics,2024-07-17,362.0,No
T0951,C035,S19,Groceries,2024-09-29,149.5,Yes
T0952,C119,S09,Electronics,2023-08-24,237.13,No
T0953,C030,S09,Electronics,2023-04-20,511.85,Yes
T0954,C140,S09,Apparel,2024-07-21,121.15,Yes
T0955,C151,S14,Apparel,2023-02-18,295.88,Yes
T0956,C062,S02,Apparel,2023-02-05,184.2,No
T0957,C111,S11,Groceries,2023-08-11,625.91,Yes
T0958,C015,S04,Apparel,2024-01-11,84.53,No
T0959,C167,S11,Apparel,2024-01-10,571.21,No
T0960,C050,S16,Groceries,2023-07-09,126.98,No
T0961,C181,S17,Home & Living,2024-02-28,256.83,Yes
T0962,C069,S02,Groceries,2023-04-22,155.91,No
T0963,C165,S12,Groceries,2023-03-06,378.48,Yes
T0964,C189,S10,Apparel,2024-03-14,64.44,No
T0965,C149,S18,Apparel,2023-03-30,467.94,No
T0966,C169,S01,Apparel,2024-02-03,175.41,Yes
T0967,C063,S18,Apparel,2024-05-17,675.28,No
T0968,C016,S07,Home & Living,2024-01-28,753.53,Yes
T0969,C034,S01,Home & Living,2023-03-23,387.28,No
T0970,C169,S11,Apparel,2024-03-03,555.89,No
T0971,C030,S01,Apparel,2023-08-15,643.78,Yes
T0972,C132,S19,Apparel,2023-07-06,614.71,Yes
T0973,C025,S11,Groceries,2023-08-17,417.92,No
T0974,C189,S04,Apparel,2023-07-07,401.91,No
T0975,C023,S09,Apparel,2023-05-12,776.78,No
T0976,C177,S13,Apparel,2023-07-06,130.15,No
T0977,C187,S17,Home & Living,2023-08-08,148.94,No
T0978,C182,S04,Apparel,2024-10-04,162.61,No
T0979,C018,S11,Electronics,2024-02-10,491.0,No
T0980,C096,S16,Apparel,2023-09-04,465.58,Yes
T0981,C039,S08,Groceries,2023-07-25,217.18,No
T0982,C101,S18,Groceries,2023-03-17,454.29,No
T0983,C154,S07,Home & Living,2023-09-12,283.37,No
T0984,C055,S14,Electronics,2023-05-07,191.99,Yes
T0985,C128,S05,Apparel,2024-08-18,214.74,Yes
T0986,C009,S18,Apparel,2024-06-08,506.31,No
T0987,C042,S08,Apparel,2023-10-03,313.69,Yes
T0988,C105,S08,Home & Living,2024-04-25,452.38,Yes
T0989,C016,S14,Groceries,2023-02-27,204.93,No
T0990,C129,S20,Apparel,2023-10-06,247.34,Yes
T0991,C160,S06,Apparel,2024-04-18,632.93,No
T0992,C035,S07,Groceries,2023-08-17,383.71,No
T0993,C027,S11,Apparel,2023-09-29,499.9,No
T0994,C066,S02,Electronics,2024-05-25,485.59,No
T0995,C038,S19,Home & Living,2024-08-30,313.13,No
T0996,C182,S12,Electronics,2023-12-04,153.15,Yes
T0997,C046,S05,Groceries,2024-10-22,55.45,No
T0998,C030,S18,Groceries,2024-04-11,499.8,No
T0999,C047,S15,Home & Living,2023-12-30,411.0,Yes
T1000,C069,S04,Apparel,2024-02-21,685.33,No
